{"eval_exact_match": 90.22572467088182, "eval_f1": 92.99416927107755}